class,auc
Technical Support,0.550410985337652
Customer Service,0.5625297198606477
Billing and Payments,0.5877849774193061
Product Support,0.49937423032701256
IT Support,0.4781534759358289
Returns and Exchanges,0.4937835282996573
Sales and Pre-Sales,0.5994426696298355
Human Resources,0.4965408905286771
Service Outages and Maintenance,0.5042763099526234
General Inquiry,0.508133971291866
