accuracy,macro_f1,weighted_f1,macro_auroc
0.28844339622641507,0.044773933736042465,0.1291474550924055,0.5280430758583107
